"04-09-2010 22:56:12","http://www.arnoldanddistrictcameraclub.org.uk/image/alang/720/","viewpic.php","","","67.195.115.37","Mozilla/5.0 (compatible; Yahoo! Slurp/3.0; http://help.yahoo.com/help/us/ysearch/slurp)"
"04-09-2010 22:57:06","http://www.arnoldanddistrictcameraclub.org.uk/news/48/07-02-2010/","index.php","","","66.249.65.215","Mozilla/5.0 (compatible; Googlebot/2.1; +http://www.google.com/bot.html)"
"04-09-2010 22:57:08","http://www.arnoldanddistrictcameraclub.org.uk/","index.php","","","208.43.68.59","Pingdom.com_bot_version_1.4_(http://www.pingdom.com/)"
"04-09-2010 22:58:14","http://www.arnoldanddistrictcameraclub.org.uk/news/48/08-25-2010/","index.php","","","66.249.65.215","Mozilla/5.0 (compatible; Googlebot/2.1; +http://www.google.com/bot.html)"
"04-09-2010 22:58:52","http://www.arnoldanddistrictcameraclub.org.uk/author/charlesd/","author.php","","","67.195.115.37","Mozilla/5.0 (compatible; Yahoo! Slurp/3.0; http://help.yahoo.com/help/us/ysearch/slurp)"
"04-09-2010 22:59:21","http://www.arnoldanddistrictcameraclub.org.uk/news/48/08-20-2010/","index.php","","","66.249.65.215","Mozilla/5.0 (compatible; Googlebot/2.1; +http://www.google.com/bot.html)"
"04-09-2010 22:59:58","http://www.arnoldanddistrictcameraclub.org.uk/purpose/","index.php","","","67.195.115.37","Mozilla/5.0 (compatible; Yahoo! Slurp/3.0; http://help.yahoo.com/help/us/ysearch/slurp)"
"04-09-2010 23:01:38","http://www.arnoldanddistrictcameraclub.org.uk/news/48/07-08-2010/","index.php","","","66.249.65.245","Mozilla/5.0 (compatible; Googlebot/2.1; +http://www.google.com/bot.html)"
"04-09-2010 23:02:21","http://www.arnoldanddistrictcameraclub.org.uk/","index.php","","","67.228.213.178","Pingdom.com_bot_version_1.4_(http://www.pingdom.com/)"
"04-09-2010 23:04:35","http://www.arnoldanddistrictcameraclub.org.uk/image/carnival08/516/","viewpic.php","","","67.195.115.37","Mozilla/5.0 (compatible; Yahoo! Slurp/3.0; http://help.yahoo.com/help/us/ysearch/slurp)"
"04-09-2010 23:04:44","http://www.arnoldanddistrictcameraclub.org.uk/image/carnival08/461/","viewpic.php","","","67.195.115.37","Mozilla/5.0 (compatible; Yahoo! Slurp/3.0; http://help.yahoo.com/help/us/ysearch/slurp)"
"04-09-2010 23:07:08","http://www.arnoldanddistrictcameraclub.org.uk/","index.php","","","96.31.66.245","Pingdom.com_bot_version_1.4_(http://www.pingdom.com/)"
"04-09-2010 23:07:15","http://www.arnoldanddistrictcameraclub.org.uk/news/48/08-31-2010/","index.php","","","66.249.65.235","Mozilla/5.0 (compatible; Googlebot/2.1; +http://www.google.com/bot.html)"
"04-09-2010 23:08:23","http://www.arnoldanddistrictcameraclub.org.uk/news/48/08-12-2010/","index.php","","","66.249.65.235","Mozilla/5.0 (compatible; Googlebot/2.1; +http://www.google.com/bot.html)"
"04-09-2010 23:09:31","http://www.arnoldanddistrictcameraclub.org.uk/news/48/08-27-2010/","index.php","","","66.249.65.235","Mozilla/5.0 (compatible; Googlebot/2.1; +http://www.google.com/bot.html)"
"04-09-2010 23:10:14","http://www.arnoldanddistrictcameraclub.org.uk/","index.php","http://host-tracker.com/website-uptime-statistics/1138681/","","64.85.163.58","Mozilla/4.0 (compatible; HostTracker.com/1.0;+http://host-tracker.com/)"
"04-09-2010 23:10:39","http://www.arnoldanddistrictcameraclub.org.uk/news/48/07-07-2010/","index.php","","","66.249.65.235","Mozilla/5.0 (compatible; Googlebot/2.1; +http://www.google.com/bot.html)"
"04-09-2010 23:11:46","http://www.arnoldanddistrictcameraclub.org.uk/news/48/07-29-2010/","index.php","","","66.249.65.235","Mozilla/5.0 (compatible; Googlebot/2.1; +http://www.google.com/bot.html)"
"04-09-2010 23:11:46","http://www.arnoldanddistrictcameraclub.org.uk/gall/viewimagetag.php?tag=Lauren+girl","viewimagetag.php","","","67.195.115.37","Mozilla/5.0 (compatible; Yahoo! Slurp/3.0; http://help.yahoo.com/help/us/ysearch/slurp)"
"04-09-2010 23:12:08","http://www.arnoldanddistrictcameraclub.org.uk/","index.php","","","82.103.128.63","Pingdom.com_bot_version_1.4_(http://www.pingdom.com/)"
"04-09-2010 23:12:24","http://www.arnoldanddistrictcameraclub.org.uk/image/carnival08/527/","viewpic.php","","","67.195.115.37","Mozilla/5.0 (compatible; Yahoo! Slurp/3.0; http://help.yahoo.com/help/us/ysearch/slurp)"
"04-09-2010 23:14:11","http://www.arnoldanddistrictcameraclub.org.uk/news/48/08-01-2010/","index.php","","","66.249.65.235","Mozilla/5.0 (compatible; Googlebot/2.1; +http://www.google.com/bot.html)"
"04-09-2010 23:17:08","http://www.arnoldanddistrictcameraclub.org.uk/","index.php","","","174.34.156.130","Pingdom.com_bot_version_1.4_(http://www.pingdom.com/)"
"04-09-2010 23:18:46","http://arnoldanddistrictcameraclub.org.uk/gall/","index.php","","","93.158.145.28","Mozilla/5.0 (compatible; YandexBot/3.0; +http://yandex.com/bots)"
"04-09-2010 23:18:52","http://www.arnoldanddistrictcameraclub.org.uk/gall/viewimagetag.php?tag=Winter","viewimagetag.php","","","207.46.13.139","msnbot/2.0b (+http://search.msn.com/msnbot.htm)"
"04-09-2010 23:20:13","http://www.arnoldanddistrictcameraclub.org.uk/news/48/08-28-2010/","index.php","","","66.249.65.235","Mozilla/5.0 (compatible; Googlebot/2.1; +http://www.google.com/bot.html)"
"04-09-2010 23:22:08","http://www.arnoldanddistrictcameraclub.org.uk/","index.php","","","70.32.40.2","Pingdom.com_bot_version_1.4_(http://www.pingdom.com/)"
"04-09-2010 23:22:19","http://www.arnoldanddistrictcameraclub.org.uk/image/reedm/182/","viewpic.php","","","67.195.115.37","Mozilla/5.0 (compatible; Yahoo! Slurp/3.0; http://help.yahoo.com/help/us/ysearch/slurp)"
"04-09-2010 23:23:24","http://www.arnoldanddistrictcameraclub.org.uk/news/49/07-02-2010/","index.php","","","66.249.65.215","Mozilla/5.0 (compatible; Googlebot/2.1; +http://www.google.com/bot.html)"
"04-09-2010 23:23:55","http://www.arnoldanddistrictcameraclub.org.uk/news/48/07-15-2010/","index.php","","","66.249.65.245","Mozilla/5.0 (compatible; Googlebot/2.1; +http://www.google.com/bot.html)"
"04-09-2010 23:25:02","http://www.arnoldanddistrictcameraclub.org.uk/news/48/07-05-2010/","index.php","","","66.249.65.245","Mozilla/5.0 (compatible; Googlebot/2.1; +http://www.google.com/bot.html)"
"04-09-2010 23:26:14","http://www.arnoldanddistrictcameraclub.org.uk/news/49/07-17-2010/","index.php","","","66.249.65.245","Mozilla/5.0 (compatible; Googlebot/2.1; +http://www.google.com/bot.html)"
"04-09-2010 23:26:36","http://www.arnoldanddistrictcameraclub.org.uk/image/sarahd/646/","viewpic.php","","","67.195.115.37","Mozilla/5.0 (compatible; Yahoo! Slurp/3.0; http://help.yahoo.com/help/us/ysearch/slurp)"
"04-09-2010 23:27:08","http://www.arnoldanddistrictcameraclub.org.uk/","index.php","","","174.34.162.242","Pingdom.com_bot_version_1.4_(http://www.pingdom.com/)"
"04-09-2010 23:27:26","http://www.arnoldanddistrictcameraclub.org.uk/news/49/07-16-2010/","index.php","","","66.249.65.245","Mozilla/5.0 (compatible; Googlebot/2.1; +http://www.google.com/bot.html)"
"04-09-2010 23:27:46","http://www.arnoldanddistrictcameraclub.org.uk/image/richardw/309/","viewpic.php","","","67.195.115.37","Mozilla/5.0 (compatible; Yahoo! Slurp/3.0; http://help.yahoo.com/help/us/ysearch/slurp)"
"04-09-2010 23:28:39","http://www.arnoldanddistrictcameraclub.org.uk/news/48/08-11-2010/","index.php","","","66.249.65.245","Mozilla/5.0 (compatible; Googlebot/2.1; +http://www.google.com/bot.html)"
"04-09-2010 23:29:51","http://www.arnoldanddistrictcameraclub.org.uk/news/48/07-18-2010/","index.php","","","66.249.65.245","Mozilla/5.0 (compatible; Googlebot/2.1; +http://www.google.com/bot.html)"
"04-09-2010 23:32:07","http://www.arnoldanddistrictcameraclub.org.uk/","index.php","","","85.25.176.167","Pingdom.com_bot_version_1.4_(http://www.pingdom.com/)"
"04-09-2010 23:32:16","http://www.arnoldanddistrictcameraclub.org.uk/news/48/07-26-2010/","index.php","","","66.249.65.245","Mozilla/5.0 (compatible; Googlebot/2.1; +http://www.google.com/bot.html)"
"04-09-2010 23:33:28","http://www.arnoldanddistrictcameraclub.org.uk/news/49/07-22-2010/","index.php","","","66.249.65.245","Mozilla/5.0 (compatible; Googlebot/2.1; +http://www.google.com/bot.html)"
"04-09-2010 23:34:43","http://www.arnoldanddistrictcameraclub.org.uk/news/49/07-21-2010/","index.php","","","66.249.65.245","Mozilla/5.0 (compatible; Googlebot/2.1; +http://www.google.com/bot.html)"
"04-09-2010 23:35:53","http://www.arnoldanddistrictcameraclub.org.uk/news/48/08-15-2010/","index.php","","","66.249.65.245","Mozilla/5.0 (compatible; Googlebot/2.1; +http://www.google.com/bot.html)"
"04-09-2010 23:36:20","http://www.arnoldanddistrictcameraclub.org.uk/gall/viewimagetag.php?tag=Car","viewimagetag.php","","","67.195.115.37","Mozilla/5.0 (compatible; Yahoo! Slurp/3.0; http://help.yahoo.com/help/us/ysearch/slurp)"
"04-09-2010 23:37:06","http://www.arnoldanddistrictcameraclub.org.uk/news/48/08-21-2010/","index.php","","","66.249.65.245","Mozilla/5.0 (compatible; Googlebot/2.1; +http://www.google.com/bot.html)"
"04-09-2010 23:37:08","http://www.arnoldanddistrictcameraclub.org.uk/","index.php","","","204.152.200.42","Pingdom.com_bot_version_1.4_(http://www.pingdom.com/)"
"04-09-2010 23:38:18","http://www.arnoldanddistrictcameraclub.org.uk/news/49/07-03-2010/","index.php","","","66.249.65.245","Mozilla/5.0 (compatible; Googlebot/2.1; +http://www.google.com/bot.html)"
"04-09-2010 23:39:30","http://www.arnoldanddistrictcameraclub.org.uk/news/49/07-18-2010/","index.php","","","66.249.65.245","Mozilla/5.0 (compatible; Googlebot/2.1; +http://www.google.com/bot.html)"
"04-09-2010 23:40:14","http://www.arnoldanddistrictcameraclub.org.uk/image/keithh/119/","viewpic.php","","","66.249.65.245","Mozilla/5.0 (compatible; Googlebot/2.1; +http://www.google.com/bot.html)"
"04-09-2010 23:40:44","http://www.arnoldanddistrictcameraclub.org.uk/news/49/07-15-2010/","index.php","","","66.249.65.245","Mozilla/5.0 (compatible; Googlebot/2.1; +http://www.google.com/bot.html)"
"04-09-2010 23:41:54","http://www.arnoldanddistrictcameraclub.org.uk/news/49/06-29-2010/","index.php","","","66.249.65.245","Mozilla/5.0 (compatible; Googlebot/2.1; +http://www.google.com/bot.html)"
"04-09-2010 23:42:08","http://www.arnoldanddistrictcameraclub.org.uk/","index.php","","","74.53.193.66","Pingdom.com_bot_version_1.4_(http://www.pingdom.com/)"
"04-09-2010 23:42:45","http://www.arnoldanddistrictcameraclub.org.uk/image/sarahd/769/","viewpic.php","","","67.195.115.37","Mozilla/5.0 (compatible; Yahoo! Slurp/3.0; http://help.yahoo.com/help/us/ysearch/slurp)"
"04-09-2010 23:43:06","http://www.arnoldanddistrictcameraclub.org.uk/news/48/07-06-2010/","index.php","","","66.249.65.245","Mozilla/5.0 (compatible; Googlebot/2.1; +http://www.google.com/bot.html)"
"04-09-2010 23:44:19","http://www.arnoldanddistrictcameraclub.org.uk/news/48/08-30-2010/","index.php","","","66.249.65.245","Mozilla/5.0 (compatible; Googlebot/2.1; +http://www.google.com/bot.html)"
"04-09-2010 23:45:34","http://www.arnoldanddistrictcameraclub.org.uk/news/48/08-06-2010/","index.php","","","66.249.65.245","Mozilla/5.0 (compatible; Googlebot/2.1; +http://www.google.com/bot.html)"
"04-09-2010 23:46:43","http://www.arnoldanddistrictcameraclub.org.uk/news/48/07-04-2010/","index.php","","","66.249.65.245","Mozilla/5.0 (compatible; Googlebot/2.1; +http://www.google.com/bot.html)"
"04-09-2010 23:47:08","http://www.arnoldanddistrictcameraclub.org.uk/","index.php","","","74.52.50.50","Pingdom.com_bot_version_1.4_(http://www.pingdom.com/)"
"04-09-2010 23:49:08","http://www.arnoldanddistrictcameraclub.org.uk/news/48/08-18-2010/","index.php","","","66.249.65.245","Mozilla/5.0 (compatible; Googlebot/2.1; +http://www.google.com/bot.html)"
"04-09-2010 23:49:22","http://www.arnoldanddistrictcameraclub.org.uk/image/sarahd/384/","viewpic.php","","","67.195.115.37","Mozilla/5.0 (compatible; Yahoo! Slurp/3.0; http://help.yahoo.com/help/us/ysearch/slurp)"
"04-09-2010 23:50:20","http://www.arnoldanddistrictcameraclub.org.uk/news/48/07-31-2010/","index.php","","","66.249.65.245","Mozilla/5.0 (compatible; Googlebot/2.1; +http://www.google.com/bot.html)"
"04-09-2010 23:51:33","http://www.arnoldanddistrictcameraclub.org.uk/news/49/06-26-2010/","index.php","","","66.249.65.245","Mozilla/5.0 (compatible; Googlebot/2.1; +http://www.google.com/bot.html)"
"04-09-2010 23:51:50","http://www.arnoldanddistrictcameraclub.org.uk/gall/viewimagetag.php?tag=Deserted","viewimagetag.php","","","67.195.115.37","Mozilla/5.0 (compatible; Yahoo! Slurp/3.0; http://help.yahoo.com/help/us/ysearch/slurp)"
"04-09-2010 23:52:08","http://www.arnoldanddistrictcameraclub.org.uk/","index.php","","","83.170.113.102","Pingdom.com_bot_version_1.4_(http://www.pingdom.com/)"
"04-09-2010 23:52:45","http://www.arnoldanddistrictcameraclub.org.uk/news/48/07-30-2010/","index.php","","","66.249.65.245","Mozilla/5.0 (compatible; Googlebot/2.1; +http://www.google.com/bot.html)"
"04-09-2010 23:53:57","http://www.arnoldanddistrictcameraclub.org.uk/news/48/08-02-2010/","index.php","","","66.249.65.245","Mozilla/5.0 (compatible; Googlebot/2.1; +http://www.google.com/bot.html)"
"04-09-2010 23:54:14","http://www.arnoldanddistrictcameraclub.org.uk/image/carnival08/485/","viewpic.php","","","67.195.115.37","Mozilla/5.0 (compatible; Yahoo! Slurp/3.0; http://help.yahoo.com/help/us/ysearch/slurp)"
"04-09-2010 23:54:31","http://www.arnoldanddistrictcameraclub.org.uk/committee/","index.php","","","67.195.115.37","Mozilla/5.0 (compatible; Yahoo! Slurp/3.0; http://help.yahoo.com/help/us/ysearch/slurp)"
"04-09-2010 23:55:10","http://www.arnoldanddistrictcameraclub.org.uk/news/49/07-07-2010/","index.php","","","66.249.65.245","Mozilla/5.0 (compatible; Googlebot/2.1; +http://www.google.com/bot.html)"
"04-09-2010 23:56:13","http://www.arnoldanddistrictcameraclub.org.uk/image/keithh/120/","viewpic.php","","","66.249.65.245","Mozilla/5.0 (compatible; Googlebot/2.1; +http://www.google.com/bot.html)"
"04-09-2010 23:56:22","http://www.arnoldanddistrictcameraclub.org.uk/news/48/07-16-2010/","index.php","","","66.249.65.245","Mozilla/5.0 (compatible; Googlebot/2.1; +http://www.google.com/bot.html)"
"04-09-2010 23:57:08","http://www.arnoldanddistrictcameraclub.org.uk/","index.php","","","95.211.87.85","Pingdom.com_bot_version_1.4_(http://www.pingdom.com/)"
"04-09-2010 23:58:46","http://www.arnoldanddistrictcameraclub.org.uk/news/49/07-13-2010/","index.php","","","66.249.65.245","Mozilla/5.0 (compatible; Googlebot/2.1; +http://www.google.com/bot.html)"
"04-09-2010 23:59:59","http://www.arnoldanddistrictcameraclub.org.uk/news/48/08-10-2010/","index.php","","","66.249.65.245","Mozilla/5.0 (compatible; Googlebot/2.1; +http://www.google.com/bot.html)"
"05-09-2010 00:02:08","http://www.arnoldanddistrictcameraclub.org.uk/","index.php","","","207.218.231.170","Pingdom.com_bot_version_1.4_(http://www.pingdom.com/)"
"05-09-2010 00:02:34","http://www.arnoldanddistrictcameraclub.org.uk/news/68/","index.php","","","67.195.115.37","Mozilla/5.0 (compatible; Yahoo! Slurp/3.0; http://help.yahoo.com/help/us/ysearch/slurp)"
"05-09-2010 00:06:03","http://www.arnoldanddistrictcameraclub.org.uk/news/49/07-09-2010/","index.php","","","66.249.65.245","Mozilla/5.0 (compatible; Googlebot/2.1; +http://www.google.com/bot.html)"
"05-09-2010 00:06:18","http://www.arnoldanddistrictcameraclub.org.uk/gall/1/charlesd/","view.php","","","67.195.115.37","Mozilla/5.0 (compatible; Yahoo! Slurp/3.0; http://help.yahoo.com/help/us/ysearch/slurp)"
"05-09-2010 00:07:08","http://www.arnoldanddistrictcameraclub.org.uk/","index.php","","","207.97.207.200","Pingdom.com_bot_version_1.4_(http://www.pingdom.com/)"
"05-09-2010 00:07:12","http://www.arnoldanddistrictcameraclub.org.uk/news/48/08-22-2010/","index.php","","","66.249.65.245","Mozilla/5.0 (compatible; Googlebot/2.1; +http://www.google.com/bot.html)"
"05-09-2010 00:08:25","http://www.arnoldanddistrictcameraclub.org.uk/news/49/07-12-2010/","index.php","","","66.249.65.245","Mozilla/5.0 (compatible; Googlebot/2.1; +http://www.google.com/bot.html)"
"05-09-2010 00:10:50","http://www.arnoldanddistrictcameraclub.org.uk/news/48/08-04-2010/","index.php","","","66.249.65.245","Mozilla/5.0 (compatible; Googlebot/2.1; +http://www.google.com/bot.html)"
"05-09-2010 00:12:02","http://www.arnoldanddistrictcameraclub.org.uk/news/48/08-08-2010/","index.php","","","66.249.65.245","Mozilla/5.0 (compatible; Googlebot/2.1; +http://www.google.com/bot.html)"
"05-09-2010 00:12:09","http://www.arnoldanddistrictcameraclub.org.uk/","index.php","","","67.192.120.134","Pingdom.com_bot_version_1.4_(http://www.pingdom.com/)"
"05-09-2010 00:13:14","http://www.arnoldanddistrictcameraclub.org.uk/news/48/08-29-2010/","index.php","","","66.249.65.245","Mozilla/5.0 (compatible; Googlebot/2.1; +http://www.google.com/bot.html)"
"05-09-2010 00:14:26","http://www.arnoldanddistrictcameraclub.org.uk/news/48/08-19-2010/","index.php","","","66.249.65.245","Mozilla/5.0 (compatible; Googlebot/2.1; +http://www.google.com/bot.html)"
"05-09-2010 00:15:40","http://www.arnoldanddistrictcameraclub.org.uk/news/48/09-02-2010/","index.php","","","66.249.65.245","Mozilla/5.0 (compatible; Googlebot/2.1; +http://www.google.com/bot.html)"
"05-09-2010 00:16:51","http://www.arnoldanddistrictcameraclub.org.uk/news/48/07-27-2010/","index.php","","","66.249.65.245","Mozilla/5.0 (compatible; Googlebot/2.1; +http://www.google.com/bot.html)"
"05-09-2010 00:17:08","http://www.arnoldanddistrictcameraclub.org.uk/","index.php","","","78.136.27.223","Pingdom.com_bot_version_1.4_(http://www.pingdom.com/)"
"05-09-2010 00:19:25","http://www.arnoldanddistrictcameraclub.org.uk/news/49/07-08-2010/","index.php","","","66.249.65.245","Mozilla/5.0 (compatible; Googlebot/2.1; +http://www.google.com/bot.html)"
"05-09-2010 00:22:08","http://www.arnoldanddistrictcameraclub.org.uk/","index.php","","","67.205.112.79","Pingdom.com_bot_version_1.4_(http://www.pingdom.com/)"
"05-09-2010 00:22:47","http://www.arnoldanddistrictcameraclub.org.uk/","index.php","http://host-tracker.com/website-uptime-statistics/1138681/","","173.192.48.81","Mozilla/4.0 (compatible; HostTracker.com/1.0;+http://host-tracker.com/)"
"05-09-2010 00:24:35","http://www.arnoldanddistrictcameraclub.org.uk/news/48/08-13-2010/","index.php","","","66.249.65.245","Mozilla/5.0 (compatible; Googlebot/2.1; +http://www.google.com/bot.html)"
"05-09-2010 00:27:09","http://www.arnoldanddistrictcameraclub.org.uk/","index.php","","","83.140.19.38","Pingdom.com_bot_version_1.4_(http://www.pingdom.com/)"
"05-09-2010 00:27:11","http://www.arnoldanddistrictcameraclub.org.uk/news/49/07-14-2010/","index.php","","","66.249.65.245","Mozilla/5.0 (compatible; Googlebot/2.1; +http://www.google.com/bot.html)"
"05-09-2010 00:29:43","http://www.arnoldanddistrictcameraclub.org.uk/news/48/08-16-2010/","index.php","","","66.249.65.245","Mozilla/5.0 (compatible; Googlebot/2.1; +http://www.google.com/bot.html)"
"05-09-2010 00:30:59","http://www.arnoldanddistrictcameraclub.org.uk/image/carnival08/444/","viewpic.php","","","67.195.115.37","Mozilla/5.0 (compatible; Yahoo! Slurp/3.0; http://help.yahoo.com/help/us/ysearch/slurp)"
"05-09-2010 00:31:48","http://arnoldanddistrictcameraclub.org.uk/gall/1/brians/","view.php","","","93.158.145.28","Mozilla/5.0 (compatible; YandexBot/3.0; +http://yandex.com/bots)"
"05-09-2010 00:32:08","http://www.arnoldanddistrictcameraclub.org.uk/","index.php","","","208.43.68.59","Pingdom.com_bot_version_1.4_(http://www.pingdom.com/)"
"05-09-2010 00:32:14","http://www.arnoldanddistrictcameraclub.org.uk/gall/1/reedm/","view.php","","","67.195.115.37","Mozilla/5.0 (compatible; Yahoo! Slurp/3.0; http://help.yahoo.com/help/us/ysearch/slurp)"
"05-09-2010 00:34:02","http://www.arnoldanddistrictcameraclub.org.uk/gall/1/alang/","view.php","","","67.195.115.37","Mozilla/5.0 (compatible; Yahoo! Slurp/3.0; http://help.yahoo.com/help/us/ysearch/slurp)"
"05-09-2010 00:37:21","http://www.arnoldanddistrictcameraclub.org.uk/","index.php","","","67.228.213.178","Pingdom.com_bot_version_1.4_(http://www.pingdom.com/)"
"05-09-2010 00:40:37","http://www.arnoldanddistrictcameraclub.org.uk/image/tony/718/","viewpic.php","","","67.195.115.37","Mozilla/5.0 (compatible; Yahoo! Slurp/3.0; http://help.yahoo.com/help/us/ysearch/slurp)"
"05-09-2010 00:42:08","http://www.arnoldanddistrictcameraclub.org.uk/","index.php","","","96.31.66.245","Pingdom.com_bot_version_1.4_(http://www.pingdom.com/)"
"05-09-2010 00:47:08","http://www.arnoldanddistrictcameraclub.org.uk/","index.php","","","82.103.128.63","Pingdom.com_bot_version_1.4_(http://www.pingdom.com/)"
"05-09-2010 00:52:08","http://www.arnoldanddistrictcameraclub.org.uk/","index.php","","","174.34.156.130","Pingdom.com_bot_version_1.4_(http://www.pingdom.com/)"
"05-09-2010 00:53:56","http://www.arnoldanddistrictcameraclub.org.uk/gall/1/carnival08/","view.php","","","67.195.115.37","Mozilla/5.0 (compatible; Yahoo! Slurp/3.0; http://help.yahoo.com/help/us/ysearch/slurp)"
"05-09-2010 00:57:08","http://www.arnoldanddistrictcameraclub.org.uk/","index.php","","","70.32.40.2","Pingdom.com_bot_version_1.4_(http://www.pingdom.com/)"
"05-09-2010 01:02:08","http://www.arnoldanddistrictcameraclub.org.uk/","index.php","","","174.34.162.242","Pingdom.com_bot_version_1.4_(http://www.pingdom.com/)"
"05-09-2010 01:04:11","http://www.arnoldanddistrictcameraclub.org.uk/gall/viewimagetag.php?tag=Woman%2C+pretty%2C+face","viewimagetag.php","","","67.195.115.37","Mozilla/5.0 (compatible; Yahoo! Slurp/3.0; http://help.yahoo.com/help/us/ysearch/slurp)"
"05-09-2010 01:06:22","http://www.arnoldanddistrictcameraclub.org.uk/","index.php","","","207.46.12.240","msnbot/2.0b (+http://search.msn.com/msnbot.htm)"
"05-09-2010 01:06:52","http://www.arnoldanddistrictcameraclub.org.uk/schedule/","index.php","","","207.46.13.44","msnbot/2.0b (+http://search.msn.com/msnbot.htm)"
"05-09-2010 01:07:09","http://www.arnoldanddistrictcameraclub.org.uk/","index.php","","","85.25.176.167","Pingdom.com_bot_version_1.4_(http://www.pingdom.com/)"
"05-09-2010 01:08:55","http://www.arnoldanddistrictcameraclub.org.uk/image/alang/656/","viewpic.php","","","67.195.115.37","Mozilla/5.0 (compatible; Yahoo! Slurp/3.0; http://help.yahoo.com/help/us/ysearch/slurp)"
"05-09-2010 01:09:29","http://www.arnoldanddistrictcameraclub.org.uk/image/bobr/688/","viewpic.php","","","67.195.115.37","Mozilla/5.0 (compatible; Yahoo! Slurp/3.0; http://help.yahoo.com/help/us/ysearch/slurp)"
"05-09-2010 01:12:08","http://www.arnoldanddistrictcameraclub.org.uk/","index.php","","","204.152.200.42","Pingdom.com_bot_version_1.4_(http://www.pingdom.com/)"
"05-09-2010 01:17:08","http://www.arnoldanddistrictcameraclub.org.uk/","index.php","","","74.53.193.66","Pingdom.com_bot_version_1.4_(http://www.pingdom.com/)"
"05-09-2010 01:22:09","http://www.arnoldanddistrictcameraclub.org.uk/","index.php","","","74.52.50.50","Pingdom.com_bot_version_1.4_(http://www.pingdom.com/)"
"05-09-2010 01:27:08","http://www.arnoldanddistrictcameraclub.org.uk/","index.php","","","83.170.113.102","Pingdom.com_bot_version_1.4_(http://www.pingdom.com/)"
"05-09-2010 01:32:07","http://www.arnoldanddistrictcameraclub.org.uk/","index.php","","","95.211.87.85","Pingdom.com_bot_version_1.4_(http://www.pingdom.com/)"
"05-09-2010 01:37:08","http://www.arnoldanddistrictcameraclub.org.uk/","index.php","","","207.218.231.170","Pingdom.com_bot_version_1.4_(http://www.pingdom.com/)"
"05-09-2010 01:38:22","http://www.arnoldanddistrictcameraclub.org.uk/","index.php","http://host-tracker.com/website-uptime-statistics/1138681/","","88.198.32.236","Mozilla/4.0 (compatible; HostTracker.com/1.0;+http://host-tracker.com/)"
"05-09-2010 01:38:37","http://www.arnoldanddistrictcameraclub.org.uk/news/81/","index.php","","","67.195.115.37","Mozilla/5.0 (compatible; Yahoo! Slurp/3.0; http://help.yahoo.com/help/us/ysearch/slurp)"
"05-09-2010 01:40:32","http://www.arnoldanddistrictcameraclub.org.uk/image/carnival08/517/","viewpic.php","","","67.195.115.37","Mozilla/5.0 (compatible; Yahoo! Slurp/3.0; http://help.yahoo.com/help/us/ysearch/slurp)"
"05-09-2010 01:42:09","http://www.arnoldanddistrictcameraclub.org.uk/","index.php","","","207.97.207.200","Pingdom.com_bot_version_1.4_(http://www.pingdom.com/)"
"05-09-2010 01:47:09","http://www.arnoldanddistrictcameraclub.org.uk/","index.php","","","67.192.120.134","Pingdom.com_bot_version_1.4_(http://www.pingdom.com/)"
"05-09-2010 01:47:11","http://www.arnoldanddistrictcameraclub.org.uk/author/steveg/","author.php","","","67.195.115.37","Mozilla/5.0 (compatible; Yahoo! Slurp/3.0; http://help.yahoo.com/help/us/ysearch/slurp)"
"05-09-2010 01:47:38","http://www.arnoldanddistrictcameraclub.org.uk/image/margaretj/123/","viewpic.php","","","67.195.115.37","Mozilla/5.0 (compatible; Yahoo! Slurp/3.0; http://help.yahoo.com/help/us/ysearch/slurp)"
"05-09-2010 01:52:07","http://www.arnoldanddistrictcameraclub.org.uk/","index.php","","","78.136.27.223","Pingdom.com_bot_version_1.4_(http://www.pingdom.com/)"
"05-09-2010 01:54:00","http://www.arnoldanddistrictcameraclub.org.uk/gall/9/sarahd/","view.php","","","67.195.115.37","Mozilla/5.0 (compatible; Yahoo! Slurp/3.0; http://help.yahoo.com/help/us/ysearch/slurp)"
"05-09-2010 01:57:08","http://www.arnoldanddistrictcameraclub.org.uk/","index.php","","","67.205.112.79","Pingdom.com_bot_version_1.4_(http://www.pingdom.com/)"
"05-09-2010 02:00:46","http://www.arnoldanddistrictcameraclub.org.uk/gall/viewimagetag.php?tag=Danger","viewimagetag.php","","","67.195.115.37","Mozilla/5.0 (compatible; Yahoo! Slurp/3.0; http://help.yahoo.com/help/us/ysearch/slurp)"
"05-09-2010 02:02:09","http://www.arnoldanddistrictcameraclub.org.uk/","index.php","","","83.140.19.38","Pingdom.com_bot_version_1.4_(http://www.pingdom.com/)"
"05-09-2010 02:07:08","http://www.arnoldanddistrictcameraclub.org.uk/","index.php","","","208.43.68.59","Pingdom.com_bot_version_1.4_(http://www.pingdom.com/)"
"05-09-2010 02:07:28","http://www.arnoldanddistrictcameraclub.org.uk/gall/9/gregf/","view.php","","","67.195.115.37","Mozilla/5.0 (compatible; Yahoo! Slurp/3.0; http://help.yahoo.com/help/us/ysearch/slurp)"
"05-09-2010 02:08:20","http://www.arnoldanddistrictcameraclub.org.uk/image/barryw/681/","viewpic.php","","","67.195.115.37","Mozilla/5.0 (compatible; Yahoo! Slurp/3.0; http://help.yahoo.com/help/us/ysearch/slurp)"
"05-09-2010 02:12:22","http://www.arnoldanddistrictcameraclub.org.uk/","index.php","","","67.228.213.178","Pingdom.com_bot_version_1.4_(http://www.pingdom.com/)"
"05-09-2010 02:12:28","http://www.arnoldanddistrictcameraclub.org.uk/gall/1/wainm/","view.php","","","67.195.115.37","Mozilla/5.0 (compatible; Yahoo! Slurp/3.0; http://help.yahoo.com/help/us/ysearch/slurp)"
"05-09-2010 02:16:49","http://www.arnoldanddistrictcameraclub.org.uk/gall/viewimagetag.php?tag=Snow","viewimagetag.php","","","67.195.115.37","Mozilla/5.0 (compatible; Yahoo! Slurp/3.0; http://help.yahoo.com/help/us/ysearch/slurp)"
"05-09-2010 02:17:08","http://www.arnoldanddistrictcameraclub.org.uk/","index.php","","","96.31.66.245","Pingdom.com_bot_version_1.4_(http://www.pingdom.com/)"
"05-09-2010 02:21:11","http://www.arnoldanddistrictcameraclub.org.uk/image/barryw/650/","viewpic.php","","","67.195.115.37","Mozilla/5.0 (compatible; Yahoo! Slurp/3.0; http://help.yahoo.com/help/us/ysearch/slurp)"
"05-09-2010 02:22:08","http://www.arnoldanddistrictcameraclub.org.uk/","index.php","","","82.103.128.63","Pingdom.com_bot_version_1.4_(http://www.pingdom.com/)"
"05-09-2010 02:27:08","http://www.arnoldanddistrictcameraclub.org.uk/","index.php","","","174.34.156.130","Pingdom.com_bot_version_1.4_(http://www.pingdom.com/)"
"05-09-2010 02:27:09","http://arnoldanddistrictcameraclub.org.uk/gall/1/ivans/","view.php","","","67.195.110.185","Mozilla/5.0 (compatible; Yahoo! Slurp/3.0; http://help.yahoo.com/help/us/ysearch/slurp)"
"05-09-2010 02:32:00","http://www.arnoldanddistrictcameraclub.org.uk/","index.php","","","209.160.65.104","Mozilla/4.0 (compatible; MSIE 6.0; Windows NT 5.1; SV1)"
"05-09-2010 02:32:08","http://www.arnoldanddistrictcameraclub.org.uk/","index.php","","","70.32.40.2","Pingdom.com_bot_version_1.4_(http://www.pingdom.com/)"
"05-09-2010 02:33:48","http://www.arnoldanddistrictcameraclub.org.uk/gall/top10.php","top10.php","","","207.46.13.99","msnbot/2.0b (+http://search.msn.com/msnbot.htm)"
"05-09-2010 02:37:08","http://www.arnoldanddistrictcameraclub.org.uk/","index.php","","","174.34.162.242","Pingdom.com_bot_version_1.4_(http://www.pingdom.com/)"
"05-09-2010 02:41:04","http://www.arnoldanddistrictcameraclub.org.uk/","index.php","http://host-tracker.com/website-uptime-statistics/1138681/","","91.121.123.91","Mozilla/4.0 (compatible; HostTracker.com/1.0;+http://host-tracker.com/)"
"05-09-2010 02:41:33","http://arnoldanddistrictcameraclub.org.uk/image/carnival03/222/","viewpic.php","","","93.158.145.28","Mozilla/5.0 (compatible; YandexBot/3.0; +http://yandex.com/bots)"
"05-09-2010 02:42:08","http://www.arnoldanddistrictcameraclub.org.uk/","index.php","","","85.25.176.167","Pingdom.com_bot_version_1.4_(http://www.pingdom.com/)"
"05-09-2010 02:46:22","http://www.arnoldanddistrictcameraclub.org.uk/image/charlesd/727/","viewpic.php","","","67.195.115.37","Mozilla/5.0 (compatible; Yahoo! Slurp/3.0; http://help.yahoo.com/help/us/ysearch/slurp)"
"05-09-2010 02:46:38","http://www.arnoldanddistrictcameraclub.org.uk/index.php","index.php","","","66.249.65.245","Mozilla/5.0 (compatible; Googlebot/2.1; +http://www.google.com/bot.html)"
"05-09-2010 02:46:39","http://www.arnoldanddistrictcameraclub.org.uk/","index.php","","","66.249.65.245","Mozilla/5.0 (compatible; Googlebot/2.1; +http://www.google.com/bot.html)"
"05-09-2010 02:47:08","http://www.arnoldanddistrictcameraclub.org.uk/","index.php","","","204.152.200.42","Pingdom.com_bot_version_1.4_(http://www.pingdom.com/)"
"05-09-2010 02:52:08","http://www.arnoldanddistrictcameraclub.org.uk/","index.php","","","74.53.193.66","Pingdom.com_bot_version_1.4_(http://www.pingdom.com/)"
"05-09-2010 02:56:57","http://www.arnoldanddistrictcameraclub.org.uk/gall/9/daveh/","view.php","","","67.195.115.37","Mozilla/5.0 (compatible; Yahoo! Slurp/3.0; http://help.yahoo.com/help/us/ysearch/slurp)"
"05-09-2010 02:57:08","http://www.arnoldanddistrictcameraclub.org.uk/","index.php","","","74.52.50.50","Pingdom.com_bot_version_1.4_(http://www.pingdom.com/)"
"05-09-2010 03:02:08","http://www.arnoldanddistrictcameraclub.org.uk/","index.php","","","83.170.113.102","Pingdom.com_bot_version_1.4_(http://www.pingdom.com/)"
"05-09-2010 03:03:03","http://www.arnoldanddistrictcameraclub.org.uk/gall/1/richardw/","view.php","","","67.195.115.37","Mozilla/5.0 (compatible; Yahoo! Slurp/3.0; http://help.yahoo.com/help/us/ysearch/slurp)"
"05-09-2010 03:07:08","http://www.arnoldanddistrictcameraclub.org.uk/","index.php","","","95.211.87.85","Pingdom.com_bot_version_1.4_(http://www.pingdom.com/)"
"05-09-2010 03:12:08","http://www.arnoldanddistrictcameraclub.org.uk/","index.php","","","207.218.231.170","Pingdom.com_bot_version_1.4_(http://www.pingdom.com/)"
"05-09-2010 03:17:08","http://www.arnoldanddistrictcameraclub.org.uk/","index.php","","","207.97.207.200","Pingdom.com_bot_version_1.4_(http://www.pingdom.com/)"
"05-09-2010 03:22:09","http://www.arnoldanddistrictcameraclub.org.uk/","index.php","","","67.192.120.134","Pingdom.com_bot_version_1.4_(http://www.pingdom.com/)"
"05-09-2010 03:26:36","http://www.arnoldanddistrictcameraclub.org.uk/news/63/","index.php","","","67.195.115.37","Mozilla/5.0 (compatible; Yahoo! Slurp/3.0; http://help.yahoo.com/help/us/ysearch/slurp)"
"05-09-2010 03:27:08","http://www.arnoldanddistrictcameraclub.org.uk/","index.php","","","78.136.27.223","Pingdom.com_bot_version_1.4_(http://www.pingdom.com/)"
"05-09-2010 03:28:01","http://www.arnoldanddistrictcameraclub.org.uk/index.php","index.php","","","91.121.209.127","Jakarta Commons-HttpClient/3.1"
"05-09-2010 03:28:02","http://www.arnoldanddistrictcameraclub.org.uk/","index.php","","","91.121.209.127","Jakarta Commons-HttpClient/3.1"
"05-09-2010 03:29:49","http://www.arnoldanddistrictcameraclub.org.uk/gall/1/gregf/","view.php","","","67.195.115.37","Mozilla/5.0 (compatible; Yahoo! Slurp/3.0; http://help.yahoo.com/help/us/ysearch/slurp)"
"05-09-2010 03:30:54","http://www.arnoldanddistrictcameraclub.org.uk/","index.php","","","207.46.195.223","msnbot/2.0b (+http://search.msn.com/msnbot.htm)"
"05-09-2010 03:32:08","http://www.arnoldanddistrictcameraclub.org.uk/","index.php","","","67.205.112.79","Pingdom.com_bot_version_1.4_(http://www.pingdom.com/)"
"05-09-2010 03:32:25","http://www.arnoldanddistrictcameraclub.org.uk/gall/viewimagetag.php?tag=Angle","viewimagetag.php","","","207.46.13.41","msnbot/2.0b (+http://search.msn.com/msnbot.htm)"
"05-09-2010 03:36:33","http://www.arnoldanddistrictcameraclub.org.uk/news/44/2010-08-28/","index.php","","","67.195.115.37","Mozilla/5.0 (compatible; Yahoo! Slurp/3.0; http://help.yahoo.com/help/us/ysearch/slurp)"
"05-09-2010 03:37:08","http://www.arnoldanddistrictcameraclub.org.uk/","index.php","","","83.140.19.38","Pingdom.com_bot_version_1.4_(http://www.pingdom.com/)"
"05-09-2010 03:37:48","http://www.arnoldanddistrictcameraclub.org.uk/gall/viewimagetag.php?tag=Table","viewimagetag.php","","","67.195.115.37","Mozilla/5.0 (compatible; Yahoo! Slurp/3.0; http://help.yahoo.com/help/us/ysearch/slurp)"
"05-09-2010 03:38:25","http://www.arnoldanddistrictcameraclub.org.uk/index.php","index.php","","","91.121.209.127","Jakarta Commons-HttpClient/3.1"
"05-09-2010 03:38:25","http://www.arnoldanddistrictcameraclub.org.uk/","index.php","","","91.121.209.127","Jakarta Commons-HttpClient/3.1"
"05-09-2010 03:41:28","http://www.arnoldanddistrictcameraclub.org.uk/image/alang/722/","viewpic.php","","","67.195.115.37","Mozilla/5.0 (compatible; Yahoo! Slurp/3.0; http://help.yahoo.com/help/us/ysearch/slurp)"
"05-09-2010 03:41:54","http://www.arnoldanddistrictcameraclub.org.uk/gall/1/hallm/","view.php","","","207.46.195.105","msnbot/2.0b (+http://search.msn.com/msnbot.htm)"
"05-09-2010 03:42:08","http://www.arnoldanddistrictcameraclub.org.uk/","index.php","","","208.43.68.59","Pingdom.com_bot_version_1.4_(http://www.pingdom.com/)"
"05-09-2010 03:47:22","http://www.arnoldanddistrictcameraclub.org.uk/","index.php","","","67.228.213.178","Pingdom.com_bot_version_1.4_(http://www.pingdom.com/)"
"05-09-2010 03:47:40","http://arnoldanddistrictcameraclub.org.uk/admin/index.php","index.php","","","67.195.110.185","Mozilla/5.0 (compatible; Yahoo! Slurp/3.0; http://help.yahoo.com/help/us/ysearch/slurp)"
"05-09-2010 03:47:58","http://arnoldanddistrictcameraclub.org.uk/membership/","index.php","","","93.158.145.28","Mozilla/5.0 (compatible; YandexBot/3.0; +http://yandex.com/bots)"
"05-09-2010 03:52:08","http://www.arnoldanddistrictcameraclub.org.uk/","index.php","","","96.31.66.245","Pingdom.com_bot_version_1.4_(http://www.pingdom.com/)"
"05-09-2010 03:52:30","http://www.arnoldanddistrictcameraclub.org.uk/","index.php","http://host-tracker.com/website-uptime-statistics/1138681/","","216.230.228.26","Mozilla/4.0 (compatible; HostTracker.com/1.0;+http://host-tracker.com/)"
"05-09-2010 03:52:39","http://www.arnoldanddistrictcameraclub.org.uk/gall/1/ivans/","view.php","","","67.195.115.37","Mozilla/5.0 (compatible; Yahoo! Slurp/3.0; http://help.yahoo.com/help/us/ysearch/slurp)"
"05-09-2010 03:53:35","http://www.arnoldanddistrictcameraclub.org.uk/image/ivans/185/","viewpic.php","","","67.195.115.37","Mozilla/5.0 (compatible; Yahoo! Slurp/3.0; http://help.yahoo.com/help/us/ysearch/slurp)"
"05-09-2010 03:57:07","http://www.arnoldanddistrictcameraclub.org.uk/","index.php","","","82.103.128.63","Pingdom.com_bot_version_1.4_(http://www.pingdom.com/)"
"05-09-2010 04:02:08","http://www.arnoldanddistrictcameraclub.org.uk/","index.php","","","174.34.156.130","Pingdom.com_bot_version_1.4_(http://www.pingdom.com/)"
"05-09-2010 04:02:20","http://www.arnoldanddistrictcameraclub.org.uk/news/5/07-30-2010/","index.php","","","66.249.65.245","Mozilla/5.0 (compatible; Googlebot/2.1; +http://www.google.com/bot.html)"
"05-09-2010 04:06:30","http://www.arnoldanddistrictcameraclub.org.uk/image/carnival03/249/","viewpic.php","","","67.195.115.37","Mozilla/5.0 (compatible; Yahoo! Slurp/3.0; http://help.yahoo.com/help/us/ysearch/slurp)"
"05-09-2010 04:07:00","http://www.arnoldanddistrictcameraclub.org.uk/gall/viewimagetag.php?tag=Bridge","viewimagetag.php","","","67.195.115.37","Mozilla/5.0 (compatible; Yahoo! Slurp/3.0; http://help.yahoo.com/help/us/ysearch/slurp)"
"05-09-2010 04:07:08","http://www.arnoldanddistrictcameraclub.org.uk/","index.php","","","70.32.40.2","Pingdom.com_bot_version_1.4_(http://www.pingdom.com/)"
"05-09-2010 04:08:19","http://www.arnoldanddistrictcameraclub.org.uk/gall/viewimagetag.php?tag=Key","viewimagetag.php","","","67.195.115.37","Mozilla/5.0 (compatible; Yahoo! Slurp/3.0; http://help.yahoo.com/help/us/ysearch/slurp)"
"05-09-2010 04:11:51","http://www.arnoldanddistrictcameraclub.org.uk/image/carnival08/479/","viewpic.php","","","67.195.115.37","Mozilla/5.0 (compatible; Yahoo! Slurp/3.0; http://help.yahoo.com/help/us/ysearch/slurp)"
"05-09-2010 04:12:08","http://www.arnoldanddistrictcameraclub.org.uk/","index.php","","","174.34.162.242","Pingdom.com_bot_version_1.4_(http://www.pingdom.com/)"
"05-09-2010 04:15:02","http://www.arnoldanddistrictcameraclub.org.uk/image/tonyb/739/","viewpic.php","","","67.195.115.37","Mozilla/5.0 (compatible; Yahoo! Slurp/3.0; http://help.yahoo.com/help/us/ysearch/slurp)"
"05-09-2010 04:17:08","http://www.arnoldanddistrictcameraclub.org.uk/","index.php","","","85.25.176.167","Pingdom.com_bot_version_1.4_(http://www.pingdom.com/)"
"05-09-2010 04:22:08","http://www.arnoldanddistrictcameraclub.org.uk/","index.php","","","204.152.200.42","Pingdom.com_bot_version_1.4_(http://www.pingdom.com/)"
"05-09-2010 04:22:22","http://www.arnoldanddistrictcameraclub.org.uk/image/hallm/430/","viewpic.php","","","67.195.115.37","Mozilla/5.0 (compatible; Yahoo! Slurp/3.0; http://help.yahoo.com/help/us/ysearch/slurp)"
"05-09-2010 04:23:49","http://www.arnoldanddistrictcameraclub.org.uk/gall/9/keithh/","view.php","","","67.195.115.37","Mozilla/5.0 (compatible; Yahoo! Slurp/3.0; http://help.yahoo.com/help/us/ysearch/slurp)"
"05-09-2010 04:27:08","http://www.arnoldanddistrictcameraclub.org.uk/","index.php","","","74.53.193.66","Pingdom.com_bot_version_1.4_(http://www.pingdom.com/)"
"05-09-2010 04:31:43","http://www.arnoldanddistrictcameraclub.org.uk/","index.php","","","88.131.106.2","Mozilla/5.0 (Windows; U; Windows NT 5.1; en-US) Speedy Spider (http://www.entireweb.com/about/search_tech/speedy_spider/)"
"05-09-2010 04:31:57","http://www.arnoldanddistrictcameraclub.org.uk/image/reedm/181/","viewpic.php","","","67.195.115.37","Mozilla/5.0 (compatible; Yahoo! Slurp/3.0; http://help.yahoo.com/help/us/ysearch/slurp)"
"05-09-2010 04:32:08","http://www.arnoldanddistrictcameraclub.org.uk/","index.php","","","74.52.50.50","Pingdom.com_bot_version_1.4_(http://www.pingdom.com/)"
"05-09-2010 04:37:08","http://www.arnoldanddistrictcameraclub.org.uk/","index.php","","","83.170.113.102","Pingdom.com_bot_version_1.4_(http://www.pingdom.com/)"
"05-09-2010 04:37:16","http://www.arnoldanddistrictcameraclub.org.uk/image/sued/68/","viewpic.php","","","67.195.115.37","Mozilla/5.0 (compatible; Yahoo! Slurp/3.0; http://help.yahoo.com/help/us/ysearch/slurp)"
"05-09-2010 04:40:23","http://www.arnoldanddistrictcameraclub.org.uk/gall/","index.php","","","207.46.13.95","msnbot/2.0b (+http://search.msn.com/msnbot.htm)"
"05-09-2010 04:42:07","http://www.arnoldanddistrictcameraclub.org.uk/","index.php","","","95.211.87.85","Pingdom.com_bot_version_1.4_(http://www.pingdom.com/)"
"05-09-2010 04:47:08","http://www.arnoldanddistrictcameraclub.org.uk/","index.php","","","207.218.231.170","Pingdom.com_bot_version_1.4_(http://www.pingdom.com/)"
"05-09-2010 04:51:42","http://arnoldanddistrictcameraclub.org.uk/gall/1/carnival06/","view.php","","","93.158.145.28","Mozilla/5.0 (compatible; YandexBot/3.0; +http://yandex.com/bots)"
"05-09-2010 04:52:11","http://www.arnoldanddistrictcameraclub.org.uk/","index.php","","","207.97.207.200","Pingdom.com_bot_version_1.4_(http://www.pingdom.com/)"
"05-09-2010 04:57:08","http://www.arnoldanddistrictcameraclub.org.uk/","index.php","","","67.192.120.134","Pingdom.com_bot_version_1.4_(http://www.pingdom.com/)"
"05-09-2010 04:59:13","http://www.arnoldanddistrictcameraclub.org.uk/","index.php","http://host-tracker.com/website-uptime-statistics/1138681/","","91.203.133.169","Mozilla/4.0 (compatible; HostTracker.com/1.0;+http://host-tracker.com/)"
"05-09-2010 05:02:08","http://www.arnoldanddistrictcameraclub.org.uk/","index.php","","","78.136.27.223","Pingdom.com_bot_version_1.4_(http://www.pingdom.com/)"
"05-09-2010 05:07:05","http://www.arnoldanddistrictcameraclub.org.uk/image/daveh/103/","viewpic.php","","","67.195.115.37","Mozilla/5.0 (compatible; Yahoo! Slurp/3.0; http://help.yahoo.com/help/us/ysearch/slurp)"
"05-09-2010 05:07:08","http://www.arnoldanddistrictcameraclub.org.uk/","index.php","","","67.205.112.79","Pingdom.com_bot_version_1.4_(http://www.pingdom.com/)"
"05-09-2010 05:12:08","http://www.arnoldanddistrictcameraclub.org.uk/","index.php","","","83.140.19.38","Pingdom.com_bot_version_1.4_(http://www.pingdom.com/)"
"05-09-2010 05:17:08","http://www.arnoldanddistrictcameraclub.org.uk/","index.php","","","208.43.68.59","Pingdom.com_bot_version_1.4_(http://www.pingdom.com/)"
"05-09-2010 05:22:22","http://www.arnoldanddistrictcameraclub.org.uk/","index.php","","","67.228.213.178","Pingdom.com_bot_version_1.4_(http://www.pingdom.com/)"
"05-09-2010 05:23:35","http://www.arnoldanddistrictcameraclub.org.uk/news/5/06-26-2010/","index.php","","","66.249.65.245","Mozilla/5.0 (compatible; Googlebot/2.1; +http://www.google.com/bot.html)"
"05-09-2010 05:24:25","http://www.arnoldanddistrictcameraclub.org.uk/image/rexs/192/","viewpic.php","","","67.195.115.37","Mozilla/5.0 (compatible; Yahoo! Slurp/3.0; http://help.yahoo.com/help/us/ysearch/slurp)"
"05-09-2010 05:24:46","http://www.arnoldanddistrictcameraclub.org.uk/image/franke/702/","viewpic.php","","","67.195.115.37","Mozilla/5.0 (compatible; Yahoo! Slurp/3.0; http://help.yahoo.com/help/us/ysearch/slurp)"
"05-09-2010 05:27:08","http://www.arnoldanddistrictcameraclub.org.uk/","index.php","","","96.31.66.245","Pingdom.com_bot_version_1.4_(http://www.pingdom.com/)"
"05-09-2010 05:32:07","http://www.arnoldanddistrictcameraclub.org.uk/","index.php","","","82.103.128.63","Pingdom.com_bot_version_1.4_(http://www.pingdom.com/)"
"05-09-2010 05:35:06","http://www.arnoldanddistrictcameraclub.org.uk/image/carols/684/","viewpic.php","","","67.195.115.37","Mozilla/5.0 (compatible; Yahoo! Slurp/3.0; http://help.yahoo.com/help/us/ysearch/slurp)"
"05-09-2010 05:36:27","http://www.arnoldanddistrictcameraclub.org.uk/","index.php","","","86.5.5.56","Mozilla/4.0 (compatible; MSIE 8.0; Windows NT 5.1; Trident/4.0; FunWebProducts; GTB6.5; Mozilla/4.0 (compatible; MSIE 6.0; Windows NT 5.1; SV1) ; .NET CLR 2.0.50727; .NET CLR 3.0.4506.2152; .NET CLR 3.5.30729; OfficeLiveConnector.1.3; OfficeLivePatch.0.0)"
"05-09-2010 05:36:32","http://www.arnoldanddistrictcameraclub.org.uk/news/","index.php","http://www.arnoldanddistrictcameraclub.org.uk/","","86.5.5.56","Mozilla/4.0 (compatible; MSIE 8.0; Windows NT 5.1; Trident/4.0; FunWebProducts; GTB6.5; Mozilla/4.0 (compatible; MSIE 6.0; Windows NT 5.1; SV1) ; .NET CLR 2.0.50727; .NET CLR 3.0.4506.2152; .NET CLR 3.5.30729; OfficeLiveConnector.1.3; OfficeLivePatch.0.0)"
"05-09-2010 05:36:44","http://www.arnoldanddistrictcameraclub.org.uk/gall/top10new.php","top10new.php","http://www.arnoldanddistrictcameraclub.org.uk/news/","","86.5.5.56","Mozilla/4.0 (compatible; MSIE 8.0; Windows NT 5.1; Trident/4.0; FunWebProducts; GTB6.5; Mozilla/4.0 (compatible; MSIE 6.0; Windows NT 5.1; SV1) ; .NET CLR 2.0.50727; .NET CLR 3.0.4506.2152; .NET CLR 3.5.30729; OfficeLiveConnector.1.3; OfficeLivePatch.0.0)"
"05-09-2010 05:37:05","http://www.arnoldanddistrictcameraclub.org.uk/news/","index.php","http://www.arnoldanddistrictcameraclub.org.uk/","","86.5.5.56","Mozilla/4.0 (compatible; MSIE 8.0; Windows NT 5.1; Trident/4.0; FunWebProducts; GTB6.5; Mozilla/4.0 (compatible; MSIE 6.0; Windows NT 5.1; SV1) ; .NET CLR 2.0.50727; .NET CLR 3.0.4506.2152; .NET CLR 3.5.30729; OfficeLiveConnector.1.3; OfficeLivePatch.0.0)"
"05-09-2010 05:37:08","http://www.arnoldanddistrictcameraclub.org.uk/","index.php","","","174.34.156.130","Pingdom.com_bot_version_1.4_(http://www.pingdom.com/)"
"05-09-2010 05:37:11","http://www.arnoldanddistrictcameraclub.org.uk/gall/top10.php","top10.php","http://www.arnoldanddistrictcameraclub.org.uk/news/","","86.5.5.56","Mozilla/4.0 (compatible; MSIE 8.0; Windows NT 5.1; Trident/4.0; FunWebProducts; GTB6.5; Mozilla/4.0 (compatible; MSIE 6.0; Windows NT 5.1; SV1) ; .NET CLR 2.0.50727; .NET CLR 3.0.4506.2152; .NET CLR 3.5.30729; OfficeLiveConnector.1.3; OfficeLivePatch.0.0)"
"05-09-2010 05:42:08","http://www.arnoldanddistrictcameraclub.org.uk/","index.php","","","70.32.40.2","Pingdom.com_bot_version_1.4_(http://www.pingdom.com/)"
"05-09-2010 05:47:08","http://www.arnoldanddistrictcameraclub.org.uk/","index.php","","","174.34.162.242","Pingdom.com_bot_version_1.4_(http://www.pingdom.com/)"
"05-09-2010 05:52:07","http://www.arnoldanddistrictcameraclub.org.uk/","index.php","","","85.25.176.167","Pingdom.com_bot_version_1.4_(http://www.pingdom.com/)"
"05-09-2010 05:52:30","http://www.arnoldanddistrictcameraclub.org.uk/image/carnival08/530/","viewpic.php","","","67.195.115.37","Mozilla/5.0 (compatible; Yahoo! Slurp/3.0; http://help.yahoo.com/help/us/ysearch/slurp)"
"05-09-2010 05:56:23","http://www.arnoldanddistrictcameraclub.org.uk/image/johnb/49/","viewpic.php","","","67.195.115.37","Mozilla/5.0 (compatible; Yahoo! Slurp/3.0; http://help.yahoo.com/help/us/ysearch/slurp)"
"05-09-2010 05:57:08","http://www.arnoldanddistrictcameraclub.org.uk/","index.php","","","204.152.200.42","Pingdom.com_bot_version_1.4_(http://www.pingdom.com/)"
"05-09-2010 05:59:45","http://www.arnoldanddistrictcameraclub.org.uk/image/sarahd/562/","viewpic.php","","","67.195.115.37","Mozilla/5.0 (compatible; Yahoo! Slurp/3.0; http://help.yahoo.com/help/us/ysearch/slurp)"
"05-09-2010 06:00:38","http://www.arnoldanddistrictcameraclub.org.uk/image/johnb/330/","viewpic.php","","","67.195.115.37","Mozilla/5.0 (compatible; Yahoo! Slurp/3.0; http://help.yahoo.com/help/us/ysearch/slurp)"
"05-09-2010 06:02:08","http://www.arnoldanddistrictcameraclub.org.uk/","index.php","","","74.53.193.66","Pingdom.com_bot_version_1.4_(http://www.pingdom.com/)"
"05-09-2010 06:02:35","http://arnoldanddistrictcameraclub.org.uk/news/136/","index.php","","","93.158.145.28","Mozilla/5.0 (compatible; YandexBot/3.0; +http://yandex.com/bots)"
"05-09-2010 06:03:31","http://www.arnoldanddistrictcameraclub.org.uk/image/carnival03/221/","viewpic.php","","","67.195.115.37","Mozilla/5.0 (compatible; Yahoo! Slurp/3.0; http://help.yahoo.com/help/us/ysearch/slurp)"
"05-09-2010 06:07:08","http://www.arnoldanddistrictcameraclub.org.uk/","index.php","","","74.52.50.50","Pingdom.com_bot_version_1.4_(http://www.pingdom.com/)"
"05-09-2010 06:08:48","http://www.arnoldanddistrictcameraclub.org.uk/","index.php","http://host-tracker.com/website-uptime-statistics/1138681/","","69.90.109.4","Mozilla/4.0 (compatible; HostTracker.com/1.0;+http://host-tracker.com/)"
"05-09-2010 06:11:31","http://www.arnoldanddistrictcameraclub.org.uk/image/carnival08/454/","viewpic.php","","","67.195.115.37","Mozilla/5.0 (compatible; Yahoo! Slurp/3.0; http://help.yahoo.com/help/us/ysearch/slurp)"
"05-09-2010 06:11:58","http://www.arnoldanddistrictcameraclub.org.uk/image/gregf/13/","viewpic.php","","","67.195.115.37","Mozilla/5.0 (compatible; Yahoo! Slurp/3.0; http://help.yahoo.com/help/us/ysearch/slurp)"
"05-09-2010 06:12:08","http://www.arnoldanddistrictcameraclub.org.uk/","index.php","","","83.170.113.102","Pingdom.com_bot_version_1.4_(http://www.pingdom.com/)"
"05-09-2010 06:12:12","http://www.arnoldanddistrictcameraclub.org.uk/image/carnival03/243/","viewpic.php","","","67.195.115.37","Mozilla/5.0 (compatible; Yahoo! Slurp/3.0; http://help.yahoo.com/help/us/ysearch/slurp)"
"05-09-2010 06:17:08","http://www.arnoldanddistrictcameraclub.org.uk/","index.php","","","95.211.87.85","Pingdom.com_bot_version_1.4_(http://www.pingdom.com/)"
"05-09-2010 06:22:08","http://www.arnoldanddistrictcameraclub.org.uk/","index.php","","","207.218.231.170","Pingdom.com_bot_version_1.4_(http://www.pingdom.com/)"
"05-09-2010 06:27:09","http://www.arnoldanddistrictcameraclub.org.uk/","index.php","","","207.97.207.200","Pingdom.com_bot_version_1.4_(http://www.pingdom.com/)"
"05-09-2010 06:30:30","http://www.arnoldanddistrictcameraclub.org.uk/gall/1/rexs/","view.php","","","88.131.106.7","Mozilla/5.0 (Windows; U; Windows NT 5.1; en-US) Speedy Spider (http://www.entireweb.com/about/search_tech/speedy_spider/)"
"05-09-2010 06:32:08","http://www.arnoldanddistrictcameraclub.org.uk/","index.php","","","67.192.120.134","Pingdom.com_bot_version_1.4_(http://www.pingdom.com/)"
"05-09-2010 06:32:54","http://www.arnoldanddistrictcameraclub.org.uk/gall/1/carnival03/","view.php","","","207.46.12.241","msnbot/2.0b (+http://search.msn.com/msnbot.htm)"
"05-09-2010 06:37:09","http://www.arnoldanddistrictcameraclub.org.uk/","index.php","","","78.136.27.223","Pingdom.com_bot_version_1.4_(http://www.pingdom.com/)"
"05-09-2010 06:42:11","http://www.arnoldanddistrictcameraclub.org.uk/","index.php","","","67.205.112.79","Pingdom.com_bot_version_1.4_(http://www.pingdom.com/)"
"05-09-2010 06:47:08","http://www.arnoldanddistrictcameraclub.org.uk/","index.php","","","83.140.19.38","Pingdom.com_bot_version_1.4_(http://www.pingdom.com/)"
"05-09-2010 06:47:11","http://www.arnoldanddistrictcameraclub.org.uk/news/49/07-31-2010/","index.php","","","66.249.65.245","Mozilla/5.0 (compatible; Googlebot/2.1; +http://www.google.com/bot.html)"
"05-09-2010 06:47:30","http://www.arnoldanddistrictcameraclub.org.uk/gall/viewimagetag.php?tag=Derby","viewimagetag.php","","","67.195.115.37","Mozilla/5.0 (compatible; Yahoo! Slurp/3.0; http://help.yahoo.com/help/us/ysearch/slurp)"
"05-09-2010 06:50:00","http://www.arnoldanddistrictcameraclub.org.uk/gall/89/carnival08/","view.php","","","67.195.115.37","Mozilla/5.0 (compatible; Yahoo! Slurp/3.0; http://help.yahoo.com/help/us/ysearch/slurp)"
"05-09-2010 06:52:08","http://www.arnoldanddistrictcameraclub.org.uk/","index.php","","","208.43.68.59","Pingdom.com_bot_version_1.4_(http://www.pingdom.com/)"
"05-09-2010 06:57:22","http://www.arnoldanddistrictcameraclub.org.uk/","index.php","","","67.228.213.178","Pingdom.com_bot_version_1.4_(http://www.pingdom.com/)"
"05-09-2010 06:58:43","http://www.arnoldanddistrictcameraclub.org.uk/","index.php","","","91.212.12.60","COMODOspider/Nutch-1.0"
"05-09-2010 07:00:42","http://www.arnoldanddistrictcameraclub.org.uk/gall/viewimagetag.php?tag=Derbyshire","viewimagetag.php","","","67.195.115.37","Mozilla/5.0 (compatible; Yahoo! Slurp/3.0; http://help.yahoo.com/help/us/ysearch/slurp)"
"05-09-2010 07:02:08","http://www.arnoldanddistrictcameraclub.org.uk/","index.php","","","96.31.66.245","Pingdom.com_bot_version_1.4_(http://www.pingdom.com/)"
"05-09-2010 07:02:23","http://www.arnoldanddistrictcameraclub.org.uk/news/5/08-13-2010/","index.php","","","66.249.65.245","Mozilla/5.0 (compatible; Googlebot/2.1; +http://www.google.com/bot.html)"
"05-09-2010 07:07:07","http://www.arnoldanddistrictcameraclub.org.uk/image/sarahd/561/","viewpic.php","","","67.195.115.37","Mozilla/5.0 (compatible; Yahoo! Slurp/3.0; http://help.yahoo.com/help/us/ysearch/slurp)"
"05-09-2010 07:07:08","http://www.arnoldanddistrictcameraclub.org.uk/","index.php","","","82.103.128.63","Pingdom.com_bot_version_1.4_(http://www.pingdom.com/)"
"05-09-2010 07:09:59","http://www.arnoldanddistrictcameraclub.org.uk/news/5/08-15-2010/","index.php","","","66.249.65.245","Mozilla/5.0 (compatible; Googlebot/2.1; +http://www.google.com/bot.html)"
"05-09-2010 07:12:08","http://www.arnoldanddistrictcameraclub.org.uk/","index.php","","","174.34.156.130","Pingdom.com_bot_version_1.4_(http://www.pingdom.com/)"
"05-09-2010 07:14:07","http://www.arnoldanddistrictcameraclub.org.uk/gall/viewimagetag.php?tag=Sand","viewimagetag.php","","","67.195.115.37","Mozilla/5.0 (compatible; Yahoo! Slurp/3.0; http://help.yahoo.com/help/us/ysearch/slurp)"
"05-09-2010 07:14:14","http://www.arnoldanddistrictcameraclub.org.uk/gall/1/steveg/","view.php","","","67.195.115.37","Mozilla/5.0 (compatible; Yahoo! Slurp/3.0; http://help.yahoo.com/help/us/ysearch/slurp)"
"05-09-2010 07:15:39","http://www.arnoldanddistrictcameraclub.org.uk/image/carnival03/226/","viewpic.php","","","67.195.115.37","Mozilla/5.0 (compatible; Yahoo! Slurp/3.0; http://help.yahoo.com/help/us/ysearch/slurp)"
"05-09-2010 07:16:03","http://www.arnoldanddistrictcameraclub.org.uk/image/franke/701/","viewpic.php","","","67.195.115.37","Mozilla/5.0 (compatible; Yahoo! Slurp/3.0; http://help.yahoo.com/help/us/ysearch/slurp)"
"05-09-2010 07:17:08","http://www.arnoldanddistrictcameraclub.org.uk/","index.php","","","70.32.40.2","Pingdom.com_bot_version_1.4_(http://www.pingdom.com/)"
"05-09-2010 07:19:03","http://www.arnoldanddistrictcameraclub.org.uk/image/carnival06/278/","viewpic.php","","","67.195.115.37","Mozilla/5.0 (compatible; Yahoo! Slurp/3.0; http://help.yahoo.com/help/us/ysearch/slurp)"
"05-09-2010 07:22:08","http://www.arnoldanddistrictcameraclub.org.uk/","index.php","","","174.34.162.242","Pingdom.com_bot_version_1.4_(http://www.pingdom.com/)"
"05-09-2010 07:22:20","http://www.arnoldanddistrictcameraclub.org.uk/","index.php","http://host-tracker.com/website-uptime-statistics/1138681/","","91.203.133.169","Mozilla/4.0 (compatible; HostTracker.com/1.0;+http://host-tracker.com/)"
"05-09-2010 07:25:56","http://www.arnoldanddistrictcameraclub.org.uk/gall/viewimagetag.php?tag=Drive","viewimagetag.php","","","67.195.115.37","Mozilla/5.0 (compatible; Yahoo! Slurp/3.0; http://help.yahoo.com/help/us/ysearch/slurp)"
"05-09-2010 07:27:07","http://www.arnoldanddistrictcameraclub.org.uk/","index.php","","","85.25.176.167","Pingdom.com_bot_version_1.4_(http://www.pingdom.com/)"
"05-09-2010 07:31:42","http://www.arnoldanddistrictcameraclub.org.uk/gall/1/sarahd/","view.php","","","67.195.115.37","Mozilla/5.0 (compatible; Yahoo! Slurp/3.0; http://help.yahoo.com/help/us/ysearch/slurp)"
"05-09-2010 07:32:08","http://www.arnoldanddistrictcameraclub.org.uk/","index.php","","","204.152.200.42","Pingdom.com_bot_version_1.4_(http://www.pingdom.com/)"
"05-09-2010 07:33:00","http://www.arnoldanddistrictcameraclub.org.uk/image/sarahd/771/","viewpic.php","","","67.195.115.37","Mozilla/5.0 (compatible; Yahoo! Slurp/3.0; http://help.yahoo.com/help/us/ysearch/slurp)"
"05-09-2010 07:37:08","http://www.arnoldanddistrictcameraclub.org.uk/","index.php","","","74.53.193.66","Pingdom.com_bot_version_1.4_(http://www.pingdom.com/)"
"05-09-2010 07:42:08","http://www.arnoldanddistrictcameraclub.org.uk/","index.php","","","74.52.50.50","Pingdom.com_bot_version_1.4_(http://www.pingdom.com/)"
"05-09-2010 07:45:02","http://www.arnoldanddistrictcameraclub.org.uk/","index.php","","","208.80.194.32","Mozilla/4.0 (compatible; MSIE 6.0; Windows NT 5.1; SV1; YPC 3.2.0; FunWebProducts; HbTools 4.8.4; yplus 4.1.00b)"
"05-09-2010 07:45:07","http://www.arnoldanddistrictcameraclub.org.uk/image/gregf/9/","viewpic.php","","","67.195.115.37","Mozilla/5.0 (compatible; Yahoo! Slurp/3.0; http://help.yahoo.com/help/us/ysearch/slurp)"
"05-09-2010 07:47:08","http://www.arnoldanddistrictcameraclub.org.uk/","index.php","","","83.170.113.102","Pingdom.com_bot_version_1.4_(http://www.pingdom.com/)"
"05-09-2010 07:48:00","http://www.arnoldanddistrictcameraclub.org.uk/news/5/07-20-2010/","index.php","","","66.249.65.245","Mozilla/5.0 (compatible; Googlebot/2.1; +http://www.google.com/bot.html)"
"05-09-2010 07:48:59","http://www.arnoldanddistrictcameraclub.org.uk/gall/viewimagetag.php?tag=Abandoned","viewimagetag.php","","","67.195.115.37","Mozilla/5.0 (compatible; Yahoo! Slurp/3.0; http://help.yahoo.com/help/us/ysearch/slurp)"
"05-09-2010 07:51:10","http://www.arnoldanddistrictcameraclub.org.uk/news/137/","index.php","","","67.195.115.37","Mozilla/5.0 (compatible; Yahoo! Slurp/3.0; http://help.yahoo.com/help/us/ysearch/slurp)"
"05-09-2010 07:52:08","http://www.arnoldanddistrictcameraclub.org.uk/","index.php","","","95.211.87.85","Pingdom.com_bot_version_1.4_(http://www.pingdom.com/)"
"05-09-2010 07:52:24","http://www.arnoldanddistrictcameraclub.org.uk/image/barryw/664/","viewpic.php","","","67.195.115.37","Mozilla/5.0 (compatible; Yahoo! Slurp/3.0; http://help.yahoo.com/help/us/ysearch/slurp)"
"05-09-2010 07:54:05","http://www.arnoldanddistrictcameraclub.org.uk/gall/1/franke/","view.php","","","67.195.115.37","Mozilla/5.0 (compatible; Yahoo! Slurp/3.0; http://help.yahoo.com/help/us/ysearch/slurp)"
"05-09-2010 07:57:08","http://www.arnoldanddistrictcameraclub.org.uk/","index.php","","","207.218.231.170","Pingdom.com_bot_version_1.4_(http://www.pingdom.com/)"
"05-09-2010 07:59:35","http://www.arnoldanddistrictcameraclub.org.uk/image/sarahd/644/","viewpic.php","","","67.195.115.37","Mozilla/5.0 (compatible; Yahoo! Slurp/3.0; http://help.yahoo.com/help/us/ysearch/slurp)"
"05-09-2010 07:59:56","http://www.arnoldanddistrictcameraclub.org.uk/gall/viewimagetag.php?tag=Winter","viewimagetag.php","","","67.195.115.37","Mozilla/5.0 (compatible; Yahoo! Slurp/3.0; http://help.yahoo.com/help/us/ysearch/slurp)"
"05-09-2010 08:00:16","http://www.arnoldanddistrictcameraclub.org.uk/image/tonym/349/","viewpic.php","","","67.195.115.37","Mozilla/5.0 (compatible; Yahoo! Slurp/3.0; http://help.yahoo.com/help/us/ysearch/slurp)"
"05-09-2010 08:02:08","http://www.arnoldanddistrictcameraclub.org.uk/","index.php","","","207.97.207.200","Pingdom.com_bot_version_1.4_(http://www.pingdom.com/)"
"05-09-2010 08:03:12","http://www.arnoldanddistrictcameraclub.org.uk/news/49/08-02-2010/","index.php","","","66.249.65.245","Mozilla/5.0 (compatible; Googlebot/2.1; +http://www.google.com/bot.html)"
"05-09-2010 08:07:09","http://www.arnoldanddistrictcameraclub.org.uk/","index.php","","","67.192.120.134","Pingdom.com_bot_version_1.4_(http://www.pingdom.com/)"
"05-09-2010 08:07:11","http://www.arnoldanddistrictcameraclub.org.uk/gall/viewimagetag.php?tag=Angle","viewimagetag.php","","","67.195.115.37","Mozilla/5.0 (compatible; Yahoo! Slurp/3.0; http://help.yahoo.com/help/us/ysearch/slurp)"
"05-09-2010 08:08:33","http://www.arnoldanddistrictcameraclub.org.uk/gall/viewimagetag.php?tag=Top","viewimagetag.php","","","67.195.115.37","Mozilla/5.0 (compatible; Yahoo! Slurp/3.0; http://help.yahoo.com/help/us/ysearch/slurp)"
"05-09-2010 08:10:47","http://www.arnoldanddistrictcameraclub.org.uk/news/5/08-22-2010/","index.php","","","66.249.65.245","Mozilla/5.0 (compatible; Googlebot/2.1; +http://www.google.com/bot.html)"
"05-09-2010 08:11:37","http://arnoldanddistrictcameraclub.org.uk/image/tonym/341/","viewpic.php","","","67.195.110.185","Mozilla/5.0 (compatible; Yahoo! Slurp/3.0; http://help.yahoo.com/help/us/ysearch/slurp)"
"05-09-2010 08:12:09","http://www.arnoldanddistrictcameraclub.org.uk/","index.php","","","78.136.27.223","Pingdom.com_bot_version_1.4_(http://www.pingdom.com/)"
"05-09-2010 08:17:02","http://www.arnoldanddistrictcameraclub.org.uk/image/gregf/1/","viewpic.php","","","67.195.115.37","Mozilla/5.0 (compatible; Yahoo! Slurp/3.0; http://help.yahoo.com/help/us/ysearch/slurp)"
"05-09-2010 08:17:10","http://www.arnoldanddistrictcameraclub.org.uk/","index.php","","","67.205.112.79","Pingdom.com_bot_version_1.4_(http://www.pingdom.com/)"
"05-09-2010 08:19:21","http://www.arnoldanddistrictcameraclub.org.uk/gall/viewimagetag.php?tag=Glass","viewimagetag.php","","","207.46.195.237","msnbot/2.0b (+http://search.msn.com/msnbot.htm)"
"05-09-2010 08:21:25","http://arnoldanddistrictcameraclub.org.uk/competition/","index.php","","","93.158.145.28","Mozilla/5.0 (compatible; YandexBot/3.0; +http://yandex.com/bots)"
"05-09-2010 08:22:08","http://www.arnoldanddistrictcameraclub.org.uk/","index.php","","","83.140.19.38","Pingdom.com_bot_version_1.4_(http://www.pingdom.com/)"
"05-09-2010 08:23:58","http://www.arnoldanddistrictcameraclub.org.uk/news/13/","index.php","","","67.195.115.37","Mozilla/5.0 (compatible; Yahoo! Slurp/3.0; http://help.yahoo.com/help/us/ysearch/slurp)"
"05-09-2010 08:25:59","http://www.arnoldanddistrictcameraclub.org.uk/news/5/08-04-2010/","index.php","","","66.249.65.245","Mozilla/5.0 (compatible; Googlebot/2.1; +http://www.google.com/bot.html)"
"05-09-2010 08:27:08","http://www.arnoldanddistrictcameraclub.org.uk/","index.php","","","208.43.68.59","Pingdom.com_bot_version_1.4_(http://www.pingdom.com/)"
"05-09-2010 08:31:32","http://arnoldanddistrictcameraclub.org.uk/news/","index.php","","","67.195.110.185","Mozilla/5.0 (compatible; Yahoo! Slurp/3.0; http://help.yahoo.com/help/us/ysearch/slurp)"
"05-09-2010 08:32:22","http://www.arnoldanddistrictcameraclub.org.uk/","index.php","","","67.228.213.178","Pingdom.com_bot_version_1.4_(http://www.pingdom.com/)"
"05-09-2010 08:32:39","http://www.arnoldanddistrictcameraclub.org.uk/image/pauln/179/","viewpic.php","","","67.195.115.37","Mozilla/5.0 (compatible; Yahoo! Slurp/3.0; http://help.yahoo.com/help/us/ysearch/slurp)"
"05-09-2010 08:37:08","http://www.arnoldanddistrictcameraclub.org.uk/","index.php","","","96.31.66.245","Pingdom.com_bot_version_1.4_(http://www.pingdom.com/)"
"05-09-2010 08:42:07","http://www.arnoldanddistrictcameraclub.org.uk/","index.php","","","82.103.128.63","Pingdom.com_bot_version_1.4_(http://www.pingdom.com/)"
"05-09-2010 08:45:27","http://www.arnoldanddistrictcameraclub.org.uk/gall/viewimagetag.php?tag=Model%2C+nottingham%2C+city%2C+hand","viewimagetag.php","","","207.46.195.234","msnbot/2.0b (+http://search.msn.com/msnbot.htm)"
"05-09-2010 08:47:10","http://www.arnoldanddistrictcameraclub.org.uk/","index.php","","","174.34.156.130","Pingdom.com_bot_version_1.4_(http://www.pingdom.com/)"
"05-09-2010 08:47:34","http://www.arnoldanddistrictcameraclub.org.uk/","index.php","http://host-tracker.com/website-uptime-statistics/1138681/","","89.19.3.66","Mozilla/4.0 (compatible; HostTracker.com/1.0;+http://host-tracker.com/)"
"05-09-2010 08:48:47","http://www.arnoldanddistrictcameraclub.org.uk/news/49/08-08-2010/","index.php","","","66.249.65.213","Mozilla/5.0 (compatible; Googlebot/2.1; +http://www.google.com/bot.html)"
"05-09-2010 08:52:08","http://www.arnoldanddistrictcameraclub.org.uk/","index.php","","","70.32.40.2","Pingdom.com_bot_version_1.4_(http://www.pingdom.com/)"
"05-09-2010 08:53:01","http://www.arnoldanddistrictcameraclub.org.uk/gall/viewimagetag.php?tag=Sky","viewimagetag.php","","","207.46.13.40","msnbot/2.0b (+http://search.msn.com/msnbot.htm)"
"05-09-2010 08:53:43","http://www.arnoldanddistrictcameraclub.org.uk/image/carnival06/251/","viewpic.php","","","67.195.115.37","Mozilla/5.0 (compatible; Yahoo! Slurp/3.0; http://help.yahoo.com/help/us/ysearch/slurp)"
"05-09-2010 08:54:49","http://www.arnoldanddistrictcameraclub.org.uk/membership/","index.php","","","207.46.13.44","msnbot/2.0b (+http://search.msn.com/msnbot.htm)"
"05-09-2010 08:56:23","http://www.arnoldanddistrictcameraclub.org.uk/news/49/08-21-2010/","index.php","","","66.249.65.213","Mozilla/5.0 (compatible; Googlebot/2.1; +http://www.google.com/bot.html)"
"05-09-2010 08:57:08","http://www.arnoldanddistrictcameraclub.org.uk/","index.php","","","174.34.162.242","Pingdom.com_bot_version_1.4_(http://www.pingdom.com/)"
"05-09-2010 09:00:32","http://www.arnoldanddistrictcameraclub.org.uk/image/carnival08/483/","viewpic.php","","","67.195.115.37","Mozilla/5.0 (compatible; Yahoo! Slurp/3.0; http://help.yahoo.com/help/us/ysearch/slurp)"
"05-09-2010 09:02:06","http://www.arnoldanddistrictcameraclub.org.uk/","index.php","","","85.25.176.167","Pingdom.com_bot_version_1.4_(http://www.pingdom.com/)"
"05-09-2010 09:03:33","http://www.arnoldanddistrictcameraclub.org.uk/","index.php","","","81.131.16.123","Mozilla/4.0 (compatible; MSIE 7.0; Windows NT 5.1; YPC 3.0.2; .NET CLR 1.1.4322)"
"05-09-2010 09:04:02","http://www.arnoldanddistrictcameraclub.org.uk/news/","index.php","http://www.arnoldanddistrictcameraclub.org.uk/","","81.131.16.123","Mozilla/4.0 (compatible; MSIE 7.0; Windows NT 5.1; YPC 3.0.2; .NET CLR 1.1.4322)"
"05-09-2010 09:04:15","http://www.arnoldanddistrictcameraclub.org.uk/news/2/","index.php","http://www.arnoldanddistrictcameraclub.org.uk/news/","","81.131.16.123","Mozilla/4.0 (compatible; MSIE 7.0; Windows NT 5.1; YPC 3.0.2; .NET CLR 1.1.4322)"
"05-09-2010 09:04:19","http://www.arnoldanddistrictcameraclub.org.uk/news/3/","index.php","http://www.arnoldanddistrictcameraclub.org.uk/news/2/","","81.131.16.123","Mozilla/4.0 (compatible; MSIE 7.0; Windows NT 5.1; YPC 3.0.2; .NET CLR 1.1.4322)"
"05-09-2010 09:04:28","http://www.arnoldanddistrictcameraclub.org.uk/news/1/","index.php","http://www.arnoldanddistrictcameraclub.org.uk/news/3/","","81.131.16.123","Mozilla/4.0 (compatible; MSIE 7.0; Windows NT 5.1; YPC 3.0.2; .NET CLR 1.1.4322)"
"05-09-2010 09:07:08","http://www.arnoldanddistrictcameraclub.org.uk/","index.php","","","204.152.200.42","Pingdom.com_bot_version_1.4_(http://www.pingdom.com/)"
"05-09-2010 09:12:08","http://www.arnoldanddistrictcameraclub.org.uk/","index.php","","","74.53.193.66","Pingdom.com_bot_version_1.4_(http://www.pingdom.com/)"
"05-09-2010 09:13:49","http://www.arnoldanddistrictcameraclub.org.uk/image/alang/628/","viewpic.php","","","88.131.106.6","Mozilla/5.0 (Windows; U; Windows NT 5.1; en-US) Speedy Spider (http://www.entireweb.com/about/search_tech/speedy_spider/)"
"05-09-2010 09:15:13","http://www.arnoldanddistrictcameraclub.org.uk/image/rexs/329/","viewpic.php","","","67.195.115.37","Mozilla/5.0 (compatible; Yahoo! Slurp/3.0; http://help.yahoo.com/help/us/ysearch/slurp)"
"05-09-2010 09:16:13","http://arnoldanddistrictcameraclub.org.uk/gall/1/margaretj/","view.php","","","67.195.110.185","Mozilla/5.0 (compatible; Yahoo! Slurp/3.0; http://help.yahoo.com/help/us/ysearch/slurp)"
"05-09-2010 09:17:08","http://www.arnoldanddistrictcameraclub.org.uk/","index.php","","","74.52.50.50","Pingdom.com_bot_version_1.4_(http://www.pingdom.com/)"
"05-09-2010 09:19:11","http://www.arnoldanddistrictcameraclub.org.uk/news/49/07-26-2010/","index.php","","","66.249.65.245","Mozilla/5.0 (compatible; Googlebot/2.1; +http://www.google.com/bot.html)"
"05-09-2010 09:22:08","http://www.arnoldanddistrictcameraclub.org.uk/","index.php","","","83.170.113.102","Pingdom.com_bot_version_1.4_(http://www.pingdom.com/)"
"05-09-2010 09:26:48","http://www.arnoldanddistrictcameraclub.org.uk/news/5/07-26-2010/","index.php","","","66.249.65.213","Mozilla/5.0 (compatible; Googlebot/2.1; +http://www.google.com/bot.html)"
"05-09-2010 09:27:08","http://www.arnoldanddistrictcameraclub.org.uk/","index.php","","","95.211.87.85","Pingdom.com_bot_version_1.4_(http://www.pingdom.com/)"
"05-09-2010 09:27:48","http://www.arnoldanddistrictcameraclub.org.uk/image/carnival08/438/","viewpic.php","","","67.195.115.37","Mozilla/5.0 (compatible; Yahoo! Slurp/3.0; http://help.yahoo.com/help/us/ysearch/slurp)"
"05-09-2010 09:32:08","http://www.arnoldanddistrictcameraclub.org.uk/","index.php","","","207.218.231.170","Pingdom.com_bot_version_1.4_(http://www.pingdom.com/)"
"05-09-2010 09:34:24","http://www.arnoldanddistrictcameraclub.org.uk/gall/viewimagetag.php?tag=Kiss%2C+tommy%2C+soldier%2C+portrait","viewimagetag.php","","","67.195.115.37","Mozilla/5.0 (compatible; Yahoo! Slurp/3.0; http://help.yahoo.com/help/us/ysearch/slurp)"
"05-09-2010 09:37:10","http://www.arnoldanddistrictcameraclub.org.uk/","index.php","","","207.97.207.200","Pingdom.com_bot_version_1.4_(http://www.pingdom.com/)"
"05-09-2010 09:41:25","http://www.arnoldanddistrictcameraclub.org.uk/image/sarahd/770/","viewpic.php","","","67.195.115.37","Mozilla/5.0 (compatible; Yahoo! Slurp/3.0; http://help.yahoo.com/help/us/ysearch/slurp)"
"05-09-2010 09:42:01","http://www.arnoldanddistrictcameraclub.org.uk/news/5/08-14-2010/","index.php","","","66.249.65.213","Mozilla/5.0 (compatible; Googlebot/2.1; +http://www.google.com/bot.html)"
"05-09-2010 09:42:08","http://www.arnoldanddistrictcameraclub.org.uk/","index.php","","","67.192.120.134","Pingdom.com_bot_version_1.4_(http://www.pingdom.com/)"
"05-09-2010 09:44:15","http://www.arnoldanddistrictcameraclub.org.uk/gall/viewimagetag.php?tag=Deserted","viewimagetag.php","","","207.46.13.132","msnbot/2.0b (+http://search.msn.com/msnbot.htm)"
"05-09-2010 09:47:08","http://www.arnoldanddistrictcameraclub.org.uk/","index.php","","","78.136.27.223","Pingdom.com_bot_version_1.4_(http://www.pingdom.com/)"
"05-09-2010 09:49:35","http://www.arnoldanddistrictcameraclub.org.uk/news/49/08-19-2010/","index.php","","","66.249.65.213","Mozilla/5.0 (compatible; Googlebot/2.1; +http://www.google.com/bot.html)"
"05-09-2010 09:50:33","http://www.arnoldanddistrictcameraclub.org.uk/gall/1/sued/","view.php","","","67.195.115.37","Mozilla/5.0 (compatible; Yahoo! Slurp/3.0; http://help.yahoo.com/help/us/ysearch/slurp)"
"05-09-2010 09:52:09","http://www.arnoldanddistrictcameraclub.org.uk/","index.php","","","67.205.112.79","Pingdom.com_bot_version_1.4_(http://www.pingdom.com/)"
"05-09-2010 09:57:08","http://www.arnoldanddistrictcameraclub.org.uk/","index.php","","","83.140.19.38","Pingdom.com_bot_version_1.4_(http://www.pingdom.com/)"
"05-09-2010 09:57:51","http://www.arnoldanddistrictcameraclub.org.uk/","index.php","","","65.55.25.152","msnbot/2.0b (+http://search.msn.com/msnbot.htm)._"
"05-09-2010 09:58:30","http://www.arnoldanddistrictcameraclub.org.uk/gall/1/gregf/","view.php","","","207.46.12.206","Mozilla/4.0 (compatible; MSIE 6.0; Windows NT 5.1;  SLCC1;  .NET CLR 1.1.4325;  .NET CLR 2.0.50727;  .NET CLR 3.0.04506.648)"
"05-09-2010 09:58:44","http://www.arnoldanddistrictcameraclub.org.uk/news/49/07-27-2010/","index.php","","","66.249.65.213","Mozilla/5.0 (compatible; Googlebot/2.1; +http://www.google.com/bot.html)"
"05-09-2010 10:00:26","http://www.arnoldanddistrictcameraclub.org.uk/gall/viewimagetag.php?tag=Tree","viewimagetag.php","","","207.46.13.137","msnbot/2.0b (+http://search.msn.com/msnbot.htm)"
"05-09-2010 10:02:08","http://www.arnoldanddistrictcameraclub.org.uk/","index.php","","","208.43.68.59","Pingdom.com_bot_version_1.4_(http://www.pingdom.com/)"
"05-09-2010 10:03:19","http://www.arnoldanddistrictcameraclub.org.uk/news/49/08-06-2010/","index.php","","","66.249.65.213","Mozilla/5.0 (compatible; Googlebot/2.1; +http://www.google.com/bot.html)"
"05-09-2010 10:06:59","http://www.arnoldanddistrictcameraclub.org.uk/news/","index.php","","","94.195.133.207","Mozilla/5.0 (Windows; U; Windows NT 6.1; en-GB; rv:1.9.2.8) Gecko/20100722 Firefox/3.6.8 GTB7.1 ( .NET CLR 3.5.30729; .NET4.0C)"
"05-09-2010 10:07:24","http://www.arnoldanddistrictcameraclub.org.uk/","index.php","","","67.228.213.178","Pingdom.com_bot_version_1.4_(http://www.pingdom.com/)"
"05-09-2010 10:12:11","http://www.arnoldanddistrictcameraclub.org.uk/","index.php","","","96.31.66.245","Pingdom.com_bot_version_1.4_(http://www.pingdom.com/)"
"05-09-2010 10:12:45","http://www.arnoldanddistrictcameraclub.org.uk/","index.php","http://host-tracker.com/website-uptime-statistics/1138681/","","81.176.237.2","Mozilla/4.0 (compatible; HostTracker.com/1.0;+http://host-tracker.com/)"
"05-09-2010 10:17:08","http://www.arnoldanddistrictcameraclub.org.uk/","index.php","","","82.103.128.63","Pingdom.com_bot_version_1.4_(http://www.pingdom.com/)"
"05-09-2010 10:17:30","http://www.arnoldanddistrictcameraclub.org.uk/competition/","index.php","","","67.195.115.37","Mozilla/5.0 (compatible; Yahoo! Slurp/3.0; http://help.yahoo.com/help/us/ysearch/slurp)"
"05-09-2010 10:19:41","http://www.arnoldanddistrictcameraclub.org.uk/image/brians/399/","viewpic.php","","","67.195.115.37","Mozilla/5.0 (compatible; Yahoo! Slurp/3.0; http://help.yahoo.com/help/us/ysearch/slurp)"
"05-09-2010 10:22:09","http://www.arnoldanddistrictcameraclub.org.uk/","index.php","","","174.34.156.130","Pingdom.com_bot_version_1.4_(http://www.pingdom.com/)"
"05-09-2010 10:27:08","http://www.arnoldanddistrictcameraclub.org.uk/","index.php","","","70.32.40.2","Pingdom.com_bot_version_1.4_(http://www.pingdom.com/)"
"05-09-2010 10:32:08","http://www.arnoldanddistrictcameraclub.org.uk/","index.php","","","174.34.162.242","Pingdom.com_bot_version_1.4_(http://www.pingdom.com/)"
"05-09-2010 10:37:06","http://www.arnoldanddistrictcameraclub.org.uk/","index.php","","","85.25.176.167","Pingdom.com_bot_version_1.4_(http://www.pingdom.com/)"
"05-09-2010 10:41:14","http://www.arnoldanddistrictcameraclub.org.uk/image/mikep/775/","viewpic.php","","","82.94.176.158","Mozilla/4.0 (compatible;  Vagabondo/4.0/CGM; http://www.wise-guys.nl/)"
"05-09-2010 10:41:25","http://www.arnoldanddistrictcameraclub.org.uk/news/1/2010-09-05/","index.php","","","82.94.176.158","Mozilla/4.0 (compatible;  Vagabondo/4.0/CGM; http://www.wise-guys.nl/)"
"05-09-2010 10:41:44","http://www.arnoldanddistrictcameraclub.org.uk/image/mikep/776/","viewpic.php","","","82.94.176.158","Mozilla/4.0 (compatible;  Vagabondo/4.0/CGM; http://www.wise-guys.nl/)"
"05-09-2010 10:41:55","http://www.arnoldanddistrictcameraclub.org.uk/image/mikep/774/","viewpic.php","","","82.94.176.158","Mozilla/4.0 (compatible;  Vagabondo/4.0/CGM; http://www.wise-guys.nl/)"
"05-09-2010 10:42:08","http://www.arnoldanddistrictcameraclub.org.uk/","index.php","","","204.152.200.42","Pingdom.com_bot_version_1.4_(http://www.pingdom.com/)"
"05-09-2010 10:47:08","http://www.arnoldanddistrictcameraclub.org.uk/","index.php","","","74.53.193.66","Pingdom.com_bot_version_1.4_(http://www.pingdom.com/)"
"05-09-2010 10:52:08","http://www.arnoldanddistrictcameraclub.org.uk/","index.php","","","74.52.50.50","Pingdom.com_bot_version_1.4_(http://www.pingdom.com/)"
"05-09-2010 10:57:08","http://www.arnoldanddistrictcameraclub.org.uk/","index.php","","","83.170.113.102","Pingdom.com_bot_version_1.4_(http://www.pingdom.com/)"
"05-09-2010 11:02:08","http://www.arnoldanddistrictcameraclub.org.uk/","index.php","","","95.211.87.85","Pingdom.com_bot_version_1.4_(http://www.pingdom.com/)"
"05-09-2010 11:03:57","http://www.arnoldanddistrictcameraclub.org.uk/author/tonyb/","author.php","","","67.195.115.37","Mozilla/5.0 (compatible; Yahoo! Slurp/3.0; http://help.yahoo.com/help/us/ysearch/slurp)"
"05-09-2010 11:07:08","http://www.arnoldanddistrictcameraclub.org.uk/","index.php","","","207.218.231.170","Pingdom.com_bot_version_1.4_(http://www.pingdom.com/)"
"05-09-2010 11:10:17","http://www.arnoldanddistrictcameraclub.org.uk/news/115/","index.php","","","67.195.115.37","Mozilla/5.0 (compatible; Yahoo! Slurp/3.0; http://help.yahoo.com/help/us/ysearch/slurp)"
"05-09-2010 11:10:27","http://www.arnoldanddistrictcameraclub.org.uk/image/keithh/363/","viewpic.php","","","67.195.115.37","Mozilla/5.0 (compatible; Yahoo! Slurp/3.0; http://help.yahoo.com/help/us/ysearch/slurp)"
"05-09-2010 11:12:10","http://www.arnoldanddistrictcameraclub.org.uk/","index.php","","","207.97.207.200","Pingdom.com_bot_version_1.4_(http://www.pingdom.com/)"
"05-09-2010 11:13:02","http://www.arnoldanddistrictcameraclub.org.uk/image/philhow/113/","viewpic.php","","","88.131.106.3","Mozilla/5.0 (Windows; U; Windows NT 5.1; en-US) Speedy Spider (http://www.entireweb.com/about/search_tech/speedy_spider/)"
"05-09-2010 11:17:08","http://www.arnoldanddistrictcameraclub.org.uk/","index.php","","","67.192.120.134","Pingdom.com_bot_version_1.4_(http://www.pingdom.com/)"
"05-09-2010 11:18:38","http://arnoldanddistrictcameraclub.org.uk/gall/1/johnb/","view.php","","","93.158.145.28","Mozilla/5.0 (compatible; YandexBot/3.0; +http://yandex.com/bots)"
"05-09-2010 11:20:28","http://www.arnoldanddistrictcameraclub.org.uk/gall/9/tonym/","view.php","","","67.195.115.37","Mozilla/5.0 (compatible; Yahoo! Slurp/3.0; http://help.yahoo.com/help/us/ysearch/slurp)"
"05-09-2010 11:20:41","http://www.arnoldanddistrictcameraclub.org.uk/image/reedm/180/","viewpic.php","","","67.195.115.37","Mozilla/5.0 (compatible; Yahoo! Slurp/3.0; http://help.yahoo.com/help/us/ysearch/slurp)"
"05-09-2010 11:22:08","http://www.arnoldanddistrictcameraclub.org.uk/","index.php","","","78.136.27.223","Pingdom.com_bot_version_1.4_(http://www.pingdom.com/)"
"05-09-2010 11:27:09","http://www.arnoldanddistrictcameraclub.org.uk/","index.php","","","67.205.112.79","Pingdom.com_bot_version_1.4_(http://www.pingdom.com/)"
"05-09-2010 11:32:08","http://www.arnoldanddistrictcameraclub.org.uk/","index.php","","","83.140.19.38","Pingdom.com_bot_version_1.4_(http://www.pingdom.com/)"
"05-09-2010 11:34:22","http://www.arnoldanddistrictcameraclub.org.uk/gall/viewimagetag.php?tag=Kiss%2C+tommy%2C+soldier%2C+portrait","viewimagetag.php","","","207.46.13.97","msnbot/2.0b (+http://search.msn.com/msnbot.htm)"
"05-09-2010 11:37:08","http://www.arnoldanddistrictcameraclub.org.uk/","index.php","","","208.43.68.59","Pingdom.com_bot_version_1.4_(http://www.pingdom.com/)"
"05-09-2010 11:38:07","http://www.arnoldanddistrictcameraclub.org.uk/","index.php","http://host-tracker.com/website-uptime-statistics/1138681/","","204.74.223.155","Mozilla/4.0 (compatible; HostTracker.com/1.0;+http://host-tracker.com/)"
"05-09-2010 11:42:22","http://www.arnoldanddistrictcameraclub.org.uk/","index.php","","","67.228.213.178","Pingdom.com_bot_version_1.4_(http://www.pingdom.com/)"
"05-09-2010 11:43:39","http://www.arnoldanddistrictcameraclub.org.uk/","index.php","","","88.131.106.8","Mozilla/5.0 (Windows; U; Windows NT 5.1; en-US) Speedy Spider (http://www.entireweb.com/about/search_tech/speedy_spider/)"
"05-09-2010 11:47:08","http://www.arnoldanddistrictcameraclub.org.uk/","index.php","","","96.31.66.245","Pingdom.com_bot_version_1.4_(http://www.pingdom.com/)"
"05-09-2010 11:52:08","http://www.arnoldanddistrictcameraclub.org.uk/","index.php","","","82.103.128.63","Pingdom.com_bot_version_1.4_(http://www.pingdom.com/)"
